Linear\nBlock, 1, 0.500022154
Linear\nCyclic, 1.975045414, 1.750011088
Random\nBlock, 0.703004215, 0.46086997
Random\nCyclic, 2.420460534, 1.590722326
