Linear\nBlock, 1, 0.824892101
Linear\nCyclic, 1.249268351, 1.054598915
Random\nBlock, 1.19256909, 0.784385877
Random\nCyclic, 1.536461727, 0.976017107
